Security Code,Security Name,Security Group,Open,High,Low,LTP,No. of Shares Traded,Total Turnover (my image Lac),No. of Trades
500325,RELIANCE,A,1320.00,1384.70,1300.00,1363.35,2629550,35283.30,88016
540153,ENDURANCE,A,593.25,601.00,562.00,567.40,3845369,21821.10,8927
524804,AUROPHARMA,A,651.00,684.25,631.75,643.15,1601282,10534.58,29435
532174,ICICIBANK,A,327.40,338.00,323.00,336.10,2655360,8704.77,20005
500034,BAJFINANCE,A,2065.00,2170.00,2024.00,2147.50,367109,7717.71,29795
500247,KOTAKBANK,A,1122.00,1166.00,1108.00,1151.00,665885,7584.77,8325
500674,SANOFI,A,7675.00,7733.95,7475.00,7496.65,91784,7051.68,635
500112,SBIN,A,185.10,189.50,181.40,188.60,3433220,6368.86,22639
532187,INDUSINDBK,A,399.40,420.00,385.00,415.60,1549374,6260.21,34228
534091,MCX,A,1025.00,1025.00,950.00,990.20,482461,4782.14,4082
512070,UPL,A,348.30,359.00,336.35,353.40,1373205,4673.75,4343
532215,AXISBANK,A,419.80,434.40,410.55,431.20,1056967,4487.31,20366
500180,HDFCBANK,A,918.00,932.65,907.30,928.40,429763,3950.39,14882
532500,MARUTI,A,5039.40,5247.65,4994.65,5180.70,59681,3062.90,10385
500312,ONGC,A,66.50,66.50,60.90,65.35,4278894,2716.13,20104
505537,ZEEL,A,130.00,155.15,130.00,151.50,1880445,2708.15,22436
500010,HDFC,A,1665.00,1678.85,1626.00,1663.15,158332,2627.42,13704
535789,IBULHSGFIN,A,115.75,117.50,108.00,115.25,2204808,2516.92,18603
533398,MUTHOOTFIN,A,721.25,768.35,718.20,759.50,307293,2243.13,8864
500510,LT,A,871.00,885.10,850.15,852.65,252548,2187.06,14959
542830,IRCTC,B,1474.00,1509.30,1401.55,1434.20,150062,2179.03,14122
500124,DRREDDY,A,4074.00,4095.00,3970.00,4057.30,52400,2122.57,5713
511218,SRTRANSFIN,A,601.00,622.70,565.85,606.75,352096,2109.55,18366
500696,HINDUNILVR,A,2330.00,2399.90,2276.40,2386.70,89661,2103.38,7270
500570,TATAMOTORS,A,74.75,76.65,72.60,75.90,2633362,1959.61,10519
540065,RBLBANK,A,109.20,109.20,101.60,105.15,1825407,1917.81,14610
532540,TCS,A,1746.00,1789.10,1720.35,1771.20,103696,1823.29,7702
532822,IDEA,A,3.83,4.05,3.72,3.96,46509341,1818.14,149439
532454,BHARTIARTL,A,512.55,516.00,492.30,501.25,359609,1810.35,7259
500875,ITC,A,179.45,183.50,176.20,182.35,917472,1661.43,5672
532483,CANBK,A,84.25,84.30,79.60,82.90,2007334,1650.45,6372
522113,TIMKEN,A,801.20,834.20,801.20,818.15,200370,1623.03,136
500470,TATASTEEL,A,266.00,269.65,259.25,268.55,595883,1580.40,8905
532296,GLENMARK,A,316.00,329.80,313.10,318.10,491541,1580.28,8659
532210,CUB,A,128.00,128.25,124.80,125.55,1240770,1575.07,1020
532149,BANKINDIA,A,35.00,35.00,33.85,34.35,4493439,1542.88,3595
500087,CIPLA,A,592.05,611.00,585.15,587.10,235467,1395.12,5666
500410,ACC,A,1151.20,1243.35,1120.10,1231.10,113773,1344.47,7932
500182,HEROMOTOCO,A,1815.00,1904.15,1800.00,1888.75,70801,1325.12,6020
500820,ASIANPAINT,A,1707.00,1821.50,1707.00,1812.65,72275,1297.44,6103
524715,SUNPHARMA*,A,473.25,482.25,469.50,474.25,271304,1292.69,6397
532868,DLF,A,132.00,135.20,130.00,133.50,923522,1226.49,7702
532286,JINDALSTEL,A,84.00,86.35,80.50,85.00,1444922,1203.05,4975
500830,COLPAL,A,1422.00,1518.30,1407.25,1506.70,80252,1182.27,7977
532978,BAJAJFINSV,A,4600.00,4813.70,4488.85,4773.45,24408,1135.76,4669
500295,VEDL,A,76.40,77.10,73.40,76.10,1444419,1085.10,6280
500209,INFY,A,633.20,645.30,628.10,642.05,166193,1062.78,5766
517334,MOTHERSUMI,A,72.80,74.75,70.50,73.15,1338427,979.84,5379
500547,BPCL,A,359.00,359.90,337.15,356.60,270890,943.54,5765
532466,OFSS,A,2067.15,2067.15,1995.00,2006.85,46491,934.41,564
532321,CADILAHC,A,340.95,341.00,327.50,331.35,277042,922.18,8778
539844,EQUITAS,A,46.75,47.90,43.55,47.10,1985596,894.84,4855
541153,BANDHANBNK,A,196.00,200.65,190.15,198.85,454554,892.86,7218
500495,ESCORTS,A,728.00,755.00,713.35,749.65,120236,890.66,4011
500257,LUPIN,A,818.00,829.40,803.00,806.45,101446,825.53,3991
535648,JUSTDIAL,A,315.85,345.80,313.30,343.35,246211,818.57,3841
543066,SBICARD,B,526.05,535.60,520.25,532.05,147219,777.16,11815
505200,EICHERMOT,A,13451.30,13944.40,13209.15,13699.55,5716,777.04,2303
532523,BIOCON,A,359.00,364.30,354.50,360.55,198134,714.25,5183
500440,HINDALCO,A,107.70,108.75,102.85,108.30,665048,703.01,4843
500331,PIDILITIND,A,1489.00,1546.65,1458.15,1536.90,46435,700.87,3723
532134,BANKBARODA,A,48.70,48.90,47.05,48.30,1457749,698.74,16756
500520,M&M,A,329.15,345.60,320.55,340.35,205661,692.42,5756
508869,APOLLOHOSP,A,1355.00,1367.50,1311.85,1349.40,51431,690.82,3190
523445,RIIL,B,271.00,302.80,262.00,290.35,245287,687.49,7970
539448,INDIGO,A,986.00,1010.00,953.75,960.40,69735,679.47,4367
500790,NESTLEIND,A,17200.00,17682.30,16855.10,17638.85,3878,675.02,1757
532977,BAJAJ-AUTO,A,2315.55,2411.10,2304.75,2382.35,26963,639.51,2369
532784,SOBHA,A,246.00,247.00,223.50,223.50,257129,626.75,785
541019,HGINFRA,B,177.75,186.20,176.10,184.90,335485,609.32,130
500298,NATPEROX,X,1911.00,1933.45,1850.00,1871.20,31891,602.77,2866
500825,BRITANNIA,A,2868.00,2966.65,2830.55,2952.25,20680,602.36,3091
532955,RECLTD,A,91.00,91.05,89.10,90.30,658261,591.10,2341
526371,NMDC,A,74.00,75.00,72.10,74.60,775990,570.07,2599
533155,JUBLFOOD,A,1530.00,1534.00,1488.55,1510.55,37641,569.77,3712
500114,TITAN,A,940.00,955.00,923.00,952.20,59308,558.23,2600
500302,PEL,A,810.00,844.50,805.60,840.15,67135,556.63,4042
533519,L&TFH,A,59.70,59.80,56.85,59.30,899435,526.46,3070
532531,STAR,A,325.35,338.00,323.75,334.40,157237,522.84,3883
507685,WIPRO,A,178.00,179.55,174.80,178.60,290689,517.55,2425
500469,FEDERALBNK,A,44.10,44.40,42.00,44.10,1187227,513.51,2965
511243,CHOLAFIN,A,144.00,154.30,137.25,150.75,347770,502.35,7797
500228,JSWSTEEL,A,159.85,162.90,155.65,161.10,312438,497.30,2935
541729,HDFCAMC,A,2613.90,2644.45,2575.35,2625.75,18871,493.74,3403
532720,M&MFIN,A,154.00,154.00,145.00,150.80,326283,487.66,6324
540133,ICICIPRULI,A,366.40,372.05,356.45,370.15,133653,485.62,5733
530965,IOC,A,83.00,83.80,79.20,83.10,590212,480.48,3367
540777,HDFCLIFE,A,496.00,508.45,490.80,503.75,92923,462.42,3370
500800,TATACONSUM,A,315.00,334.95,310.05,330.15,136968,441.14,6045
500104,HINDPETRO,A,217.40,217.40,206.55,212.70,208054,439.25,3417
540222,LAURUSLABS,A,469.00,494.00,461.00,469.10,92094,438.33,5648
500086,EXIDEIND,A,141.30,148.55,138.45,147.20,297577,437.01,5803
500477,ASHOKLEY,A,44.85,45.30,43.55,44.95,979022,436.22,3249
500043,BATAINDIA,A,1200.00,1224.10,1171.00,1215.85,35990,433.21,2774
532514,IGL,A,450.50,450.60,435.75,446.75,96900,427.96,3434
503806,SRF,A,3287.65,3462.00,3287.65,3445.65,12408,422.92,1757
500420,TORNTPHARM,A,2395.00,2453.00,2366.05,2445.15,17425,422.25,3460
517354,HAVELLS,A,503.35,521.40,487.10,517.45,83127,418.68,3045
500253,LICHSGFIN,A,262.00,265.75,252.20,263.05,160833,416.51,3517
524494,IPCALAB,A,1609.80,1609.80,1550.00,1560.45,26461,414.86,3922
533106,OIL,A,83.00,87.00,74.90,86.10,501005,403.19,5013
532343,TVSMOTOR,A,310.50,311.00,296.40,302.30,131392,398.43,2507
532689,PVR,A,1028.90,1028.90,980.05,992.60,39310,391.38,3791
539874,UJJIVAN,A,161.30,163.30,150.55,160.15,248040,387.12,4820
532832,IBREALEST,A,57.20,58.85,56.30,58.85,660337,385.86,1062
505255,GMM,B,3449.00,3771.90,3430.00,3742.65,10469,381.18,2542
532538,ULTRACEMCO,A,3426.30,3458.00,3378.55,3438.70,11081,379.21,1830
531213,MANAPPURAM,A,104.90,104.90,97.55,102.05,374005,376.46,3269
500294,NCC,A,25.50,26.90,24.50,26.70,1400001,360.10,4334
512237,JAICORPLTD,A,65.00,70.50,64.50,67.70,526218,356.14,5694
533278,COALINDIA,A,138.10,141.25,135.00,140.75,245621,339.29,3171
500096,DABUR,A,500.00,504.50,496.00,502.75,67632,338.97,2190
500575,VOLTAS,A,505.00,507.15,485.00,503.55,68064,338.42,3249
532555,NTPC,A,97.25,98.65,94.95,97.60,340952,331.76,3251
500113,SAIL,A,26.75,26.75,25.40,26.30,1270007,330.18,30519
540767,NAM-INDIA,A,265.75,265.75,251.55,258.95,124462,320.94,5454
532522,PETRONET,A,213.70,229.55,212.75,222.05,143232,320.02,3292
509480,BERGEPAINT,A,535.60,537.00,520.00,530.30,60043,318.22,2196
532810,PFC,A,87.95,87.95,85.40,87.20,361944,312.45,2204
512599,ADANIENT,A,139.40,139.40,132.30,137.60,222215,300.96,2639
500103,BHEL,A,21.70,21.80,20.90,21.35,1392775,296.27,3396
532281,HCLTECH,A,455.00,469.10,450.10,462.60,63397,292.41,2428
506767,ALKYLAMINE,B,1460.45,1755.45,1428.45,1749.90,16704,287.37,2415
500290,MRF,A,58877.30,59400.05,57878.10,58221.10,487,285.20,432
500425,AMBUJACEM,A,169.95,177.70,166.45,176.70,160635,276.24,2954
533096,ADANIPOWER,A,31.50,33.00,29.60,32.50,849996,266.30,2915
500493,BHARATFORG,A,259.50,263.00,250.50,256.90,103856,266.13,3133
500877,APOLLOTYRE,A,92.00,95.35,90.00,94.40,282619,264.75,2025
532872,SPARC,A,141.40,146.45,138.95,142.95,183500,263.68,5470
500049,BEL,A,75.90,77.60,75.00,76.55,343808,262.60,1993
532155,GAIL,A,83.00,85.00,80.25,84.20,316934,260.78,2232
500048,BEML,A,595.00,595.00,554.05,574.05,45189,259.56,2778
539437,IDFCFIRSTB,A,23.75,24.35,22.85,24.00,1088603,257.42,14773
532477,UNIONBANK,A,28.50,28.75,28.00,28.45,902742,257.35,921
542337,SPENCER,B,76.95,84.00,75.65,81.00,316555,256.32,6009
539957,MGL,A,943.00,946.05,902.30,930.60,27631,253.31,2308
532488,DIVISLAB,A,2398.35,2412.25,2365.10,2383.75,10475,250.54,1248
522287,KALPATPOWR,A,219.95,241.10,218.15,229.80,108417,250.06,5374
532374,STRTECH*,A,88.00,94.30,84.95,91.65,267420,241.24,4208
500101,ARVIND,A,25.45,25.60,24.80,25.00,942658,238.34,1911
539450,SHK,A,84.50,88.80,74.80,75.85,283903,232.27,8149
532777,NAUKRI,A,2388.40,2507.00,2374.65,2496.35,9307,229.48,1924
540376,DMART,T,2220.00,2314.90,2205.20,2292.70,9946,225.92,1170
540719,SBILIFE,A,690.00,709.30,675.25,704.75,31968,219.94,2235
532424,GODREJCP,A,533.50,534.00,515.55,531.55,41132,216.35,2529
500304,NIITLTD,B,82.45,89.75,81.45,86.40,247574,215.80,3184
532733,SUNTV,A,374.00,377.80,353.05,375.65,56795,207.34,1813
532482,GRANULES,A,158.00,164.00,157.45,160.55,128446,206.87,3934
532478,UBL,A,906.00,930.40,903.45,924.75,22470,205.94,1080
532921,ADANIPORTS,A,257.15,273.75,257.15,272.05,76211,204.49,1685
532755,TECHM,A,515.00,521.80,507.85,518.60,39416,203.97,1800
500008,AMARAJABAT,A,510.00,559.95,503.85,557.70,36994,201.46,2430
540173,PNBHOUSING,A,209.90,214.50,198.00,207.50,95590,201.27,1310
532461,PNB,A,31.45,31.45,30.25,31.15,648360,199.92,1794
500550,SIEMENS,A,1140.05,1158.65,1111.00,1131.95,16384,185.39,1435
500111,RELCAPITAL,A,6.04,6.42,6.03,6.42,2879110,184.25,922
502355,BALKRISIND,A,882.00,886.65,837.90,877.95,21468,183.86,1904
500878,CEATLTD,A,786.00,833.95,767.00,820.50,22527,183.22,1451
500201,INDIAGLYCO,B,280.10,296.00,269.00,281.70,63334,181.66,2667
534816,INFRATEL,A,169.00,169.00,164.20,167.50,107124,178.55,1848
531642,MARICO,A,296.10,310.90,294.00,308.80,58316,177.76,2483
532541,NIITTECH,A,1042.75,1109.00,1022.95,1085.10,16385,173.20,2190
522205,PRAJIND,B,63.75,68.50,62.25,66.00,263084,173.10,3334
506401,DEEPAKNI,A,450.00,464.90,445.50,457.20,37813,172.89,2538
500260,RAMCOCEM,A,557.85,563.30,540.70,560.20,30845,171.69,1418
532880,OMAXE,A,161.85,161.85,155.75,156.05,109751,171.23,208
532475,APTECHT,B,85.90,94.85,85.40,91.55,188700,170.96,2760
541195,MIDHANI,B,210.65,213.40,203.15,210.35,80439,167.92,2235
532898,POWERGRID,A,160.95,162.75,156.65,162.25,105162,167.82,2047
500271,MFSL,A,412.50,446.25,412.50,439.80,38396,166.13,1867
500300,GRASIM,A,510.00,513.25,503.00,509.95,32543,165.27,1427
500163,GODFRYPHLP,A,969.95,1082.00,937.95,1043.00,15766,159.74,2174
534309,NBCC,A,22.45,22.45,21.15,21.80,738421,159.39,1104
530999,BALAMINES,B,320.50,401.50,320.50,391.75,40351,156.96,1286
500730,NOCIL,A,83.00,83.00,78.50,79.85,194300,156.14,2525
523261,VENKYS,A,1200.00,1210.00,1133.45,1133.45,13249,153.25,1823
500330,RAYMOND,A,246.65,260.65,244.50,248.75,59108,151.76,1282
500400,TATAPOWER,A,32.75,33.30,31.65,32.50,463387,150.78,1900
532497,RADICO,A,296.90,299.85,288.50,294.25,50933,149.84,1723
523618,DREDGECORP,B,194.05,221.70,187.10,217.60,72373,148.44,5407
511196,CANFINHOME,A,291.00,295.00,285.55,290.45,50003,145.49,1489
500408,TATAELXSI,A,735.00,735.00,709.30,720.35,19806,142.84,1558
532800,TV18BRDCST,A,18.35,20.50,17.65,20.50,740398,142.04,2887
532234,NATIONALUM,A,33.00,34.10,32.15,33.65,421767,140.37,20093
500116,IDBI,A,21.50,21.70,20.95,21.35,661534,140.34,695
524230,RCF,A,36.95,40.25,35.60,39.10,349751,130.94,1964
532819,MINDTREE,A,747.00,748.55,722.00,731.50,17328,126.67,716
540005,LTI,A,1469.00,1469.00,1385.05,1417.60,8692,122.82,1437
504966,TINPLATE,B,82.55,83.80,80.30,83.10,147561,122.39,2367
500339,RAIN,A,73.80,73.80,67.85,71.40,167006,117.84,1986
509488,GRAPHITE,A,228.00,228.00,219.50,228.00,51475,116.87,734
500488,ABBOTINDIA,A,16700.00,16764.55,16252.65,16462.20,690,113.54,355
542066,ADANIGAS,A,99.00,99.50,96.25,97.95,116138,113.41,2501
524075,ALBERTDA,B,406.00,471.05,404.10,471.05,25226,113.00,2143
500285,SPICEJET,A,45.00,45.40,43.60,44.20,253514,111.72,1814
539876,CROMPTON,A,222.70,225.20,213.35,218.85,50264,110.67,2371
542652,POLYCAB,B,758.55,762.85,729.05,732.40,14699,108.68,1378
532939,RPOWER,A,1.91,1.99,1.91,1.99,5472256,107.67,7115
532848,DELTACORP*,A,70.20,71.90,65.90,70.40,154401,107.43,1493
522108,YUKEN,X,397.85,403.20,379.00,393.70,26631,105.06,194
540699,DIXON,B,4030.00,4250.00,3960.30,4199.95,2507,103.76,1045
500085,CHAMBLFERT,A,130.00,131.65,124.55,128.15,80879,103.48,3069
570001,TATAMTRDVR,A,34.50,35.40,33.25,34.70,299918,102.56,1643
532714,KEC,A,181.00,190.25,181.00,182.75,54328,100.13,2375
539334,SHREEPUSHK,B,85.00,85.00,81.00,82.55,120648,99.04,177
532953,VGUARD,A,171.00,182.90,167.75,170.75,56760,99.00,2249
540716,ICICIGI,A,1160.00,1160.00,1127.00,1139.00,8612,98.29,1810
500850,INDHOTEL,A,82.60,83.60,76.85,77.80,121652,95.67,2788
500480,CUMMINSIND,A,401.15,413.50,400.65,411.20,23167,94.70,859
500670,GNFC,A,135.00,140.15,128.85,137.40,70653,94.61,2900
541450,ADANIGREEN,A,192.50,198.40,185.00,196.70,49154,94.31,860
532712,RCOM,B,0.79,0.80,0.77,0.80,11892719,94.30,1012
530005,INDIACEM,A,103.40,104.50,100.90,103.25,89290,91.69,1189
500387,SHREECEM,A,18838.05,19600.00,18647.55,19293.80,476,90.78,288
501425,BBTC,A,824.40,884.00,821.00,871.40,10384,89.07,1213
500530,BOSCHLTD,A,10030.00,10537.85,9835.10,10384.15,868,88.77,394
500164,GODREJIND,A,270.00,280.00,260.70,264.95,32570,87.05,2184
532524,PTC,A,40.25,42.25,40.20,40.80,211044,86.65,1631
533150,GODREJPROP,A,675.00,679.00,655.35,668.90,13033,86.55,1846
541179,ISEC,A,318.75,329.00,316.35,320.85,26017,83.69,1216
532505,UCOBANK,A,15.00,15.90,14.50,14.88,532173,80.15,1891
500672,NOVARTIND,B,604.00,610.00,594.00,602.60,13274,80.15,661
538566,APOLLOTRI,XT,297.90,297.90,277.85,294.75,28157,79.77,413
500084,CESC,A,605.40,610.05,585.55,604.80,13233,79.17,878
531337,JUMPNET,B,49.70,49.70,48.15,48.90,157015,76.54,77
500870,CASTROLIND,A,113.15,118.50,113.15,117.25,64715,75.35,1158
532814,INDIANB,A,50.65,50.85,48.60,49.00,146839,72.51,1748
524200,VINATIORGA,A,867.00,887.70,860.20,876.15,8101,70.70,819
540611,AUBANK,A,553.00,564.95,528.95,529.80,13193,70.54,1008
539336,GUJGAS,A,252.00,272.75,250.60,268.00,26602,69.67,1977
532331,AJANTPHARM,A,1320.25,1351.90,1283.10,1291.60,5297,69.57,737
509930,SUPREMEIND,A,975.20,1060.00,967.00,1036.65,6808,69.20,1373
539678,QUICKHEAL,B,97.75,112.00,97.75,107.65,65080,69.08,2217
532798,NETWORK18,B,23.00,23.75,21.10,23.75,294259,68.48,1191
532790,TANLA,B,63.25,63.25,58.10,63.25,109744,68.46,378
500378,JINDALSAW,A,52.60,53.40,51.30,51.60,129510,67.76,1340
506590,PHILIPCARB,A,80.10,86.60,79.95,82.05,80138,66.45,1565
500020,BOMDYEING,A,52.00,54.00,50.60,51.95,128120,66.44,1698
532926,JYOTHYLAB,A,113.20,119.85,112.40,116.95,55922,65.45,2465
500390,RELINFRA,A,17.92,18.04,17.60,18.04,362499,65.12,727
533274,PRESTIGE,A,178.40,187.00,174.00,182.90,34620,63.24,1695
532827,PAGEIND,A,17510.00,17550.00,17153.75,17468.90,362,62.92,223
500680,PFIZER,A,4260.00,4273.00,4165.05,4173.20,1480,62.25,469
532430,BFUTILITIE,B,165.60,177.60,161.70,173.60,37040,61.98,1003
530019,JUBILANT,A,359.70,368.05,356.45,368.05,16861,61.79,542
532865,MEGH,A,51.45,51.80,48.35,49.15,124163,61.78,842
532772,DCBBANK,A,93.55,93.55,85.45,88.10,70541,61.62,3372
533273,OBEROIRLTY,A,364.90,378.10,342.45,353.40,17133,61.55,1233
523598,SCI,A,44.70,45.40,43.55,43.80,139019,61.32,1072
532221,SONATSOFTW,A,186.00,195.00,178.45,190.85,32035,60.62,1689
513434,TATAMETALI,A,406.25,425.00,394.60,412.15,14745,60.48,757
523457,LINDEINDIA,A,525.45,525.45,501.10,515.85,11506,59.17,619
530007,JKTYRE,A,50.10,54.60,48.40,52.70,112923,58.59,1932
535755,ABFRL,A,128.90,132.00,121.40,122.00,46781,58.42,2661
523642,PIIND,A,1411.35,1488.00,1377.30,1473.55,3980,57.71,1015
531599,FDC,A,228.15,249.90,228.15,245.15,23586,57.60,1383
505726,IFBIND,B,480.00,485.00,436.00,438.00,12527,57.36,634
539524,LALPATHLAB,A,1484.00,1499.00,1445.50,1484.70,3877,56.76,748
500032,BAJAJHIND,B,4.69,4.70,4.34,4.53,1273306,56.07,1159
500125,EIDPARRY,A,149.50,154.80,142.60,147.00,37367,55.54,1803
508486,HAWKINCOOK,B,4622.60,4768.00,4622.60,4760.10,1174,55.53,252
539978,QUESS,A,201.00,210.00,200.00,207.65,26700,54.90,683
539523,ALKEM,A,2585.55,2585.55,2522.45,2541.00,2136,54.38,401
542649,RVNL,B,17.80,17.80,17.00,17.50,310464,53.94,7328
532209,J&KBANK,A,18.74,18.74,16.62,17.24,314748,53.79,1094
542752,AFFLE,T,1499.00,1545.00,1409.00,1461.90,3605,52.75,486
509874,SHALPAINTS,B,69.00,69.65,66.00,67.10,77580,52.51,1675
523610,ITI,A,82.50,82.50,76.65,78.40,66708,52.31,1128
524164,IOLCP,B,264.65,268.85,261.00,261.55,19447,51.27,796
542650,METROPOLIS,B,1188.25,1229.40,1188.25,1211.15,4191,51.12,1117
500038,BALRAMCHIN,A,100.10,104.00,97.60,100.95,50188,50.90,1021
540064,FRETAIL,A,93.75,93.75,93.75,93.75,53774,50.41,69
532843,FORTIS,A,118.95,124.55,117.95,123.60,41462,50.28,1064
500620,GESHIP,A,211.00,231.35,209.00,222.30,22222,49.63,2072
500645,DEEPAKFERT,A,84.90,90.40,80.95,86.75,58407,49.45,1333
540755,GICRE,A,146.55,152.40,145.00,146.20,33194,49.39,1652
532667,SUZLON,A,3.19,3.19,3.04,3.04,1583933,48.79,614
530549,SHILPAMED,B,410.00,429.55,400.00,413.75,11317,48.04,334
526299,MPHASIS,A,679.35,684.00,652.85,672.40,7153,47.82,1288
533271,ASHOKA,A,62.00,65.05,57.45,64.10,76413,47.41,1067
532504,NAVINFLUOR,A,1418.60,1427.00,1406.95,1415.30,3299,46.73,480
541956,IRCON,B,87.00,87.75,83.30,84.85,54504,46.11,1190
506687,TRANSPEK,X,1339.00,1390.00,1315.00,1376.75,3381,45.85,131
532162,JKPAPER,B,93.90,94.00,90.65,92.10,48715,44.90,864
531344,CONCOR,A,365.50,370.65,358.85,366.95,12146,44.40,554
505710,GRAUWEIL,B,40.80,40.80,38.40,38.55,113845,44.38,900
500288,MOREPENLAB,B,17.67,17.67,17.67,17.67,251009,44.35,174
530813,KRBL,A,211.70,216.00,207.80,207.80,20935,43.59,252
540691,ABCAPITAL,A,49.10,50.20,48.40,49.40,86367,42.43,802
500055,TATASTLBSL,B,16.50,16.85,16.30,16.70,253650,42.21,527
532300,WOCKPHARMA,A,269.70,269.70,260.00,263.35,15855,41.97,559
512573,AVANTI,A,397.00,410.00,392.00,396.50,10537,41.89,431
532942,KNRCON,A,218.00,218.00,207.00,208.55,19777,41.54,1192
532779,TORNTPOWER,A,291.60,298.20,286.00,296.75,14001,41.17,389
540180,VBL,A,610.60,657.05,610.60,650.70,6389,40.94,1009
500355,RALLIS,A,202.00,202.60,192.55,199.15,20683,40.86,770
524816,NATCOPHARM,A,618.80,622.70,605.20,607.50,6628,40.62,607
532391,OPTOCIRCUI,B,2.96,2.96,2.68,2.87,1408568,40.57,655
500459,PGHH,A,10742.20,10898.95,10345.45,10738.40,383,40.33,257
539807,INFIBEAM,A,34.95,37.50,34.80,36.95,110254,40.12,632
532947,IRB,A,80.00,80.00,73.50,76.80,52308,40.02,368
532175,CYIENT,A,220.25,220.25,214.15,214.95,18393,39.70,2235
523395,3MINDIA,A,19400.00,19400.00,18687.70,18727.55,208,39.63,159
530517,RELAXO,A,595.95,622.20,592.00,613.50,6303,38.35,434
500251,TRENT,A,474.00,477.20,460.05,473.05,8090,37.99,599
504918,SANDUMA,X,468.00,478.80,458.20,470.90,8143,37.95,341
532382,BALAJITELE,B,53.80,53.80,47.55,51.85,74221,37.42,466
533261,EROSMEDIA,B,19.77,19.77,18.20,19.77,188649,37.24,333
526227,FILATEX,B,29.40,32.30,29.30,32.30,114045,36.51,134
540701,DCAL*,A,81.90,85.20,78.70,83.65,44440,36.48,508
511072,DHFL,A,14.32,14.46,14.05,14.46,248315,35.83,514
506655,SUDARSCHEM,A,407.15,414.50,403.00,409.15,8732,35.61,512
539254,ADANITRANS,A,196.80,199.95,190.45,199.65,18092,35.56,1037
532754,GMRINFRA,A,17.30,17.35,16.90,17.30,206490,35.29,10151
505509,RESPONIND,B,82.50,83.00,80.05,81.35,43017,35.29,230
533573,APLLTD,A,627.80,642.45,624.70,637.60,5543,35.27,349
500027,ATUL,A,4542.35,4605.10,4417.50,4559.30,775,35.15,346
523367,DCMSHRIRAM,A,285.65,285.65,268.00,270.90,12696,34.70,1900
512179,SUNTECK,A,198.00,198.00,186.15,189.30,17927,34.00,408
532532,JPASSOCIAT,A,1.64,1.68,1.60,1.68,2036074,33.61,1137
500033,FORCEMOT,A,844.55,889.50,823.70,863.55,3883,33.45,977
514418,MANORG,X,224.50,238.95,223.00,238.95,14208,33.26,145
500188,HINDZINC,A,170.00,170.20,165.45,166.90,19869,33.20,1070
500052,BEPL,B,36.10,39.75,36.10,38.25,85006,32.26,988
540115,LTTS,A,1221.25,1222.50,1170.35,1180.20,2705,32.17,857
500184,HSCL,A,47.60,49.00,46.15,47.50,67803,32.15,785
503310,SWANENERGY,A,100.70,104.00,98.30,100.45,32119,32.14,474
517385,SYMPHONY,A,975.00,980.40,940.00,942.50,3258,31.29,766
532644,JKCEMENT,A,1148.25,1152.95,1060.00,1146.25,2722,30.58,586
532628,3IINFOTECH,B,1.65,1.89,1.62,1.76,1823194,30.37,624
521064,TRIDENT,A,4.81,5.05,4.81,4.95,607993,29.88,479
532218,SOUTHBANK,A,6.00,6.00,5.81,5.95,504240,29.80,17312
500119,DHAMPURSUG,B,103.50,104.00,97.50,102.10,29296,29.73,493
541556,RITES,A,258.80,258.80,242.80,246.25,12046,29.73,843
500031,BAJAJELEC,A,351.00,357.00,324.10,336.45,8912,29.61,962
532922,EDELWEISS,A,35.60,38.05,35.60,36.70,81286,29.59,594
531162,EMAMILTD*,A,203.10,207.00,199.00,203.70,14529,29.56,664
500110,CHENNPETRO,A,66.75,66.75,62.05,63.85,46601,29.41,2061
507880,VIPIND,A,228.40,228.40,219.00,224.50,13205,29.38,709
508989,NAVNETEDUL,B,72.75,83.00,72.75,76.40,37150,29.35,937
500490,BAJAJHLDNG,A,1975.50,1975.95,1915.60,1951.40,1476,28.78,555
536507,FLFL,A,141.65,141.65,140.00,141.65,20259,28.69,128
533286,MOIL,A,123.20,125.35,117.60,121.45,23593,28.67,976
500335,BIRLACORPN,A,432.40,436.55,420.05,424.60,6569,28.12,751
532539,MINDAIND,A,265.45,274.05,260.60,264.55,10479,27.91,738
524348,AARTIDRUGS,B,652.40,665.00,650.00,658.45,4195,27.68,694
500238,WHIRLPOOL,A,1846.75,1853.00,1817.95,1840.80,1506,27.66,499
541770,CREDITACC,B,420.25,420.25,395.00,420.25,6627,27.55,179
523405,JMFINANCIL,A,71.40,71.40,66.10,67.40,40875,27.52,663
500292,HEIDELBERG,A,155.95,157.10,151.45,155.85,17673,27.25,961
532178,ENGINERSIN,A,66.40,66.65,63.90,66.15,41441,27.18,598
524000,MAGMA,A,19.00,19.80,18.70,19.80,136465,26.68,244
524370,BODALCHEM,B,51.50,53.35,49.55,51.85,51003,26.40,798
523660,WATERBASE,B,92.80,94.30,90.45,91.95,28648,26.40,1221
533033,ISGEC,B,251.50,254.30,247.50,250.60,10438,26.07,147
542726,INDIAMART,B,2190.30,2317.50,2190.30,2263.10,1151,26.02,295
506943,JBCHEPHARM,A,558.00,560.95,555.90,558.75,4641,25.96,310
514162,WELSPUNIND,A,28.10,28.90,28.10,28.15,91903,25.88,235
532885,CENTRALBK,A,17.00,17.30,15.47,16.35,155969,25.36,2662
539889,PARAGMILK,A,85.00,94.55,83.35,90.95,28537,25.31,500
532706,INOXLEISUR,A,219.55,221.95,216.85,220.60,11513,25.25,702
500403,SUNDRMFAST,A,310.75,313.00,295.00,301.35,8266,25.20,273
532144,WELCORP,A,66.05,66.50,63.95,65.05,37960,24.77,524
533148,JSWENERGY,A,42.00,42.00,40.00,40.05,61208,24.66,2813
517146,USHAMART,B,14.95,14.95,14.20,14.30,167290,24.57,69
524742,CAPPL,B,312.45,317.30,300.10,313.20,7792,24.43,1008
500412,TIRUMALCHM,B,45.95,46.50,44.50,46.00,53743,24.30,661
532940,JKIL,B,83.60,88.00,82.40,83.65,28679,24.20,770
530001,GUJALKALI,A,322.80,330.80,313.00,327.95,7597,24.20,810
500233,KAJARIACER,A,364.65,365.45,356.00,359.75,6684,24.05,608
500126,PGHL,A,4085.95,4136.60,4019.00,4114.90,575,23.55,263
533269,WABAG,A,101.10,108.85,101.10,106.20,22290,23.49,924
533344,PFS,B,9.36,10.25,9.15,9.64,237384,23.25,599
541301,ORIENTELEC,A,185.05,188.80,181.40,184.90,12288,22.65,713
500002,ABB,B,905.75,920.00,889.00,906.10,2491,22.49,441
532702,GSPL,A,195.00,195.95,188.00,189.75,11522,22.21,682
517015,VINDHYATEL,B,522.00,539.40,495.00,532.45,4257,22.03,699
540530,HUDCO,A,22.50,22.65,21.85,22.00,98814,21.76,588
539268,SYNGENE,A,312.70,317.50,311.80,314.70,6908,21.71,596
541578,VARROC,A,142.70,154.60,142.50,143.15,15188,21.69,141
517168,SUBROS,B,147.20,161.00,140.55,158.25,13947,21.60,1187
500183,HFCL,A,10.22,11.24,10.22,11.24,190988,21.05,870
507717,DHANUKA,B,439.90,448.95,425.00,439.95,4826,21.01,954
507815,GILLETTE,A,5371.85,5371.85,5281.55,5324.00,394,20.96,186
500171,GHCL,A,107.15,107.15,102.65,104.00,20036,20.72,1003
500660,GLAXO,A,1450.00,1468.00,1432.00,1437.05,1391,20.10,334
533162,HATHWAY,A,17.80,18.97,17.05,18.97,109482,20.06,537
540678,COCHINSHIP,A,258.05,259.70,253.00,254.25,7814,19.96,564
500108,MTNL,B,7.61,7.61,7.22,7.22,274249,19.90,2849
500042,BASF,A,1067.75,1073.90,1035.30,1063.95,1867,19.65,1022
532809,FSL,A,34.50,36.80,33.60,34.80,55323,19.43,504
524404,MARKSANS,B,20.44,20.95,20.00,20.32,94927,19.40,355
533098,NHPC,A,21.15,21.35,20.85,21.15,92059,19.37,325
533122,RTNPOWER,B,1.43,1.43,1.37,1.38,1394329,19.35,182
542904,UJJIVANSFB,B,31.00,31.10,29.20,30.00,64360,19.23,464
500185,HCC,B,5.02,5.22,4.96,4.96,380192,18.99,293
517380,IGARASHI,B,215.75,235.00,208.10,229.90,8260,18.62,278
532659,IDFC,A,16.92,16.92,16.04,16.04,114969,18.55,391
532839,DISHTV,A,4.80,4.86,4.58,4.72,394088,18.53,15517
540047,DBL,A,253.60,257.00,242.10,250.00,7421,18.52,243
533229,BAJAJCON,A,157.05,159.20,150.35,156.40,11696,18.28,580
532390,TAJGVK,B,112.35,128.20,112.00,123.25,14654,17.97,556
532805,REDINGTON,A,71.00,72.90,69.35,71.05,24636,17.52,1092
532301,TATACOFFEE,B,70.60,70.60,68.80,70.05,25024,17.47,472
517300,GIPCL,B,55.05,61.25,55.05,58.05,29823,17.35,510
506395,COROMANDEL,A,537.00,549.00,508.05,541.20,3280,17.35,419
523319,BALMLAWRIE,B,102.40,102.40,98.70,99.55,17066,17.03,706
542651,KPITTECH,B,50.50,50.55,45.75,49.60,34279,16.98,537
532509,SUPRAJIT,A,117.65,120.20,114.10,119.25,14284,16.86,584
506414,FERMENTA,X,228.60,243.00,228.60,239.60,7068,16.79,154
540769,NIACL,A,117.45,121.10,115.25,118.05,14209,16.77,810
532830,ASTRAL,A,885.00,885.00,851.20,863.85,1932,16.73,284
540743,GODREJAGRO,A,387.00,388.80,376.00,378.75,4329,16.57,508
513605,SRIPIPES,B,133.10,137.10,130.00,134.80,12362,16.53,1366
500067,BLUESTARCO,A,549.50,569.50,521.45,561.75,2983,16.34,621
542216,DALBHARAT*,B,544.00,545.00,525.00,526.80,3031,16.10,269
532708,GVKPIL,B,2.81,2.81,2.70,2.78,582366,16.08,323
532485,BLIL,B,304.15,317.95,304.15,315.15,5149,16.00,219
540750,IEX,A,170.95,170.95,151.35,156.30,10404,15.97,612
540935,GALAXYSURF,B,1316.35,1439.90,1300.00,1422.25,1139,15.92,385
523694,APCOTEXIND,B,85.30,106.70,85.00,104.30,15095,15.45,153
541233,LEMONTREE,A,18.05,18.05,17.15,17.40,87590,15.24,392
532683,AIAENG,A,1429.30,1525.00,1412.70,1488.55,1035,15.21,255
541988,AAVAS,A,1267.65,1270.15,1226.85,1226.85,1207,14.93,260
500940,FINOLEXIND,A,401.10,417.05,401.00,414.00,3642,14.91,519
532605,JBMA,B,166.00,174.95,165.00,172.70,8487,14.76,285
517569,KEI,A,276.00,288.10,269.10,287.45,5187,14.51,313
505533,WESTLIFE,A,300.10,300.70,290.00,292.25,4877,14.39,591
509631,HEG,A,906.30,906.30,906.30,906.30,1586,14.37,86
540692,APEX,B,247.45,247.45,225.00,234.65,6094,14.33,283
513599,HINDCOPPER,A,25.30,26.10,24.70,25.50,56159,14.27,377
500109,MRPL,A,32.00,32.60,30.20,31.90,44804,14.07,518
504112,NELCO,B,188.00,188.00,178.80,181.50,7730,14.06,713
534139,SCHNEIDER,B,81.00,86.00,81.00,83.50,16761,14.06,548
503100,PHOENIXLTD,A,550.00,562.10,533.35,543.65,2587,14.04,354
511676,GICHSGFIN,A,78.00,78.50,74.35,74.65,18480,14.01,491
500106,IFCI,A,4.15,4.21,4.04,4.14,338813,13.92,7381
532610,DWARKESH,B,18.45,19.00,17.85,18.50,74637,13.90,354
532794,ZEEMEDIA,T,4.80,5.20,4.75,5.18,280130,13.85,216
532627,JPPOWER,T,0.70,0.76,0.70,0.76,1859134,13.76,228
532652,KTKBANK,A,42.50,43.60,42.00,43.15,32188,13.71,338
530367,NRBBEARING,B,69.00,73.90,66.00,71.45,19530,13.71,366
500165,KANSAINER,A,389.45,389.45,375.95,379.50,3570,13.59,552
532309,GEPIL,A,432.00,432.00,426.35,430.20,3153,13.55,407
523630,NFL,B,24.60,26.15,23.30,24.70,55299,13.43,443
540724,DIAMONDYD,B,488.65,495.00,477.20,480.35,2756,13.37,315
500690,GSFC,A,42.00,44.50,41.25,43.15,31288,13.29,281
531335,ZYDUSWELL,A,1260.15,1281.95,1257.35,1271.95,1043,13.23,239
517174,HONAUT,A,27900.00,29000.00,27788.55,28012.55,47,13.17,36
509966,VSTIND,A,2931.55,2931.55,2880.15,2903.05,450,13.06,154
520051,JAMNAAUTO,A,26.80,26.80,25.85,26.30,49648,13.04,409
526612,BLUEDART,A,2146.50,2146.50,2065.05,2081.80,623,13.02,205
505355,NESCO,A,445.55,446.85,434.20,437.15,2941,12.90,368
520057,JTEKTINDIA,B,48.05,54.00,47.20,53.30,24775,12.88,629
502742,SINTEX,B,0.94,0.94,0.90,0.91,1402085,12.84,406
531500,RAJESHEXPO,A,541.00,542.40,530.00,532.35,2391,12.78,654
500444,WSTCSTPAPR,B,142.00,142.00,135.00,138.25,9367,12.72,192
532400,BSOFT,A,65.00,65.30,63.00,64.65,19696,12.66,618
542907,PRINCEPIPE,B,99.45,99.45,92.60,95.50,13127,12.58,651
543193,DJML,MT,20.15,22.25,20.15,21.30,60000,12.54,10
506820,ASTRAZEN,A,2618.20,2631.45,2540.00,2544.25,481,12.45,200
506022,PRAKASH,B,28.65,28.65,27.30,27.85,44458,12.34,254
507526,ASALCBR,B,167.90,177.45,166.00,171.05,7263,12.27,434
517421,BUTTERFLY,B,100.00,109.85,100.00,106.25,11645,12.26,692
500411,THERMAX,A,701.10,719.55,698.00,702.10,1729,12.24,209
500092,CRISIL,A,1383.65,1429.95,1383.65,1419.90,867,12.22,246
538635,SNOWMAN,B,30.95,31.00,29.50,30.05,40261,12.11,253
533206,SJVN,A,21.15,21.90,20.90,21.70,56246,11.96,232
542760,SWSOLAR,B,136.70,136.70,136.70,136.70,8738,11.94,9
540136,HPL,B,29.80,30.00,28.80,29.00,40488,11.93,536
534809,PCJEWELLER,T,12.01,12.40,11.78,11.79,100255,11.85,342
519588,DFM,B,203.70,225.95,202.85,221.75,5610,11.84,437
519091,TASTYBIT,B,9586.90,9909.95,9574.65,9885.00,120,11.78,52
507753,TGVSL,X,16.90,16.90,16.10,16.16,72394,11.72,116
531426,TNPL,A,99.15,99.95,97.50,98.50,11641,11.49,455
534976,VMART,A,1595.00,1711.60,1595.00,1674.05,685,11.42,314
517506,TTKPRESTIG,A,4795.95,4920.05,4750.00,4783.70,238,11.40,135
542759,SPANDANA,B,499.00,499.00,451.00,454.35,2475,11.36,671
538962,MINDACORP,B,69.50,70.20,67.50,68.25,16400,11.31,776
506390,CLNINDIA,B,316.00,317.70,304.70,313.10,3599,11.26,368
506285,BAYERCROP,A,3892.50,4032.15,3879.05,3995.70,283,11.22,118
523574,FEL,B,12.75,12.75,12.52,12.75,87806,11.19,130
500144,FINCABLES,A,239.00,248.80,232.60,237.50,4663,11.00,801
506197,BLISSGVS,A,97.60,99.60,97.50,99.00,11135,10.99,738
500215,ATFL,B,460.00,499.95,460.00,476.15,2279,10.88,92
506690,UNICHEMLAB,B,151.70,158.90,141.35,151.55,7229,10.85,146
520059,MUNJALAU,B,34.55,37.80,34.20,37.20,28964,10.67,406
542724,EARUM,M,50.25,51.05,50.25,51.05,21000,10.62,7
508814,COSMOFILMS,B,268.00,268.00,248.40,253.75,4106,10.40,503
520008,RICOAUTO,B,27.10,28.20,26.10,27.15,38108,10.31,392
539551,NH,A,283.45,296.80,279.20,284.55,3583,10.30,414
513683,NLCINDIA,A,45.00,45.00,44.50,44.80,22940,10.28,260
507488,GMBREW,B,388.55,393.95,380.50,384.90,2658,10.25,351
533267,CANTABIL,B,239.00,244.80,235.70,244.75,4281,10.23,276
500710,AKZOINDIA,A,2037.75,2055.00,2016.10,2043.45,501,10.21,169
500405,SUPPETRO*,B,150.00,150.00,136.00,146.15,7098,10.10,535
540293,PRICOLLTD,B,47.65,52.40,47.65,51.05,19680,9.99,218
507410,WALCHANNAG,B,42.65,45.05,42.20,43.20,22707,9.95,301
534804,CARERATING,A,408.55,420.00,400.00,412.80,2428,9.95,596
540575,STARCEMENT,A,78.35,78.90,74.50,75.60,13032,9.89,718
532345,GATI,B,37.95,39.30,37.10,37.75,25896,9.80,357
540124,GNA,B,196.20,196.20,176.20,186.15,5295,9.73,295
523838,SIMPLEXINF,B,28.95,29.45,28.95,29.45,32966,9.70,140
524226,GAEL,B,128.20,128.20,119.55,120.60,7888,9.65,320
540025,ADVENZYMES,A,147.15,153.85,143.80,145.05,6502,9.47,174
532967,KIRIINDUS,B,294.40,294.60,285.00,289.50,3235,9.39,234
500380,JKLAKSHMI,A,204.00,207.50,199.00,202.90,4565,9.27,581
524735,HIKAL,B,104.00,110.40,103.05,110.40,8492,9.20,97
500003,AEGISLOG,A,169.40,170.00,164.10,165.10,5475,9.09,138
541557,FINEORG,B,2063.40,2130.00,2050.00,2109.35,433,9.06,159
540797,SHALBY,B,66.80,70.00,65.80,67.45,13465,9.04,137
526397,ALPHAGEO,B,190.00,190.00,170.00,181.60,5119,9.02,281
532892,MOTILALOFS*,A,500.00,501.90,486.60,497.00,1803,8.95,433
500336,SURYAROSNI,B,99.15,99.15,89.75,89.75,9862,8.95,120
513349,AJMERA,B,83.60,84.10,81.25,82.80,10710,8.86,177
532966,TWL,B,33.90,34.00,33.20,33.90,26392,8.86,296
533179,PERSISTENT,A,479.55,486.80,471.60,485.60,1808,8.60,383
540768,MAHLOG,A,298.20,304.55,283.30,285.20,2994,8.57,132
542333,CESCVENTURE,B,147.00,147.00,139.90,143.70,6073,8.57,133
505700,ELECON,B,21.90,22.50,21.25,21.95,38473,8.54,584
532756,MAHINDCIE,A,81.95,82.50,76.70,81.00,10602,8.47,203
533146,DLINKINDIA,B,70.00,74.50,69.00,73.90,11512,8.33,269
540902,AMBER,B,1081.00,1128.10,1081.00,1100.90,744,8.21,177
505192,SMLISUZU,B,364.25,394.65,361.00,381.20,2124,8.14,278
526642,MIRZAINT,B,40.05,42.00,38.55,40.65,20176,8.13,377
539141,UFO,B,78.90,78.90,72.20,72.95,11126,8.12,304
505790,SCHAEFFLER,A,3381.00,3503.00,3312.90,3483.65,235,8.06,106
531595,CGCL,B,123.20,126.00,120.10,121.90,6534,8.02,34
523398,JCHAC,A,2131.85,2140.80,2088.00,2123.80,373,7.92,128
532749,ALLCARGO,B,74.50,74.55,69.60,71.75,11099,7.89,320
530961,VIKASECO,B,1.55,1.55,1.45,1.55,509379,7.86,140
533520,IBULISL,A,47.05,49.40,44.70,48.15,16518,7.81,349
538835,INTELLECT,A,88.00,88.00,80.20,80.20,9342,7.51,81
500219,JISLJALEQS,A,5.67,5.67,5.67,5.67,131484,7.46,80
539871,THYROCARE,A,526.80,533.10,520.25,530.05,1411,7.46,233
502420,ORIENTPPR,B,19.50,19.50,18.62,19.15,39078,7.45,351
509820,PAPERPROD,B,208.00,214.00,205.65,211.35,3508,7.41,333
500039,BANCOINDIA,B,70.10,70.10,65.05,67.65,11015,7.37,431
532439,OLECTRA,B,71.90,71.90,69.15,69.15,10574,7.35,78
509243,TVSSRICHAK,B,1055.10,1055.10,985.10,1027.35,712,7.33,114
532129,HEXAWARE,A,265.00,269.30,257.05,263.55,2799,7.32,129
541143,BDL,B,217.55,218.35,209.50,216.30,3379,7.30,292
523704,MASTEK,B,236.55,240.00,225.00,228.20,3095,7.26,214
508906,EVERESTIND,B,186.20,186.20,160.00,168.70,4260,7.11,129
531633,LINCOPH,B,134.00,139.90,134.00,136.90,5155,7.01,120
542597,MSTC,B,95.55,95.55,89.45,90.75,7661,6.98,250
540596,ERIS,A,480.00,495.00,465.60,468.50,1451,6.97,176
533758,APLAPOLLO,A,1174.05,1200.30,1155.00,1161.10,593,6.96,231
540762,TIINDIA,A,350.00,357.00,337.15,340.75,2020,6.96,346
500186,HINDOILEXP,B,39.10,39.10,35.65,38.40,18450,6.88,384
539118,VRLLOG,B,168.00,169.10,162.50,163.30,4134,6.82,493
526881,63MOONS,B,59.90,59.90,56.05,59.25,11592,6.77,282
532189,ITDC,B,159.40,163.05,154.05,161.80,4301,6.77,414
500265,MAHSEAMLES,A,187.40,193.65,185.00,190.95,3561,6.76,432
533339,ZENTEC,B,40.30,43.75,38.20,39.95,17032,6.72,165
532323,SHIVACEM,X,9.83,9.85,9.00,9.76,70697,6.66,190
500266,MAHSCOOTER,A,2000.00,2099.40,1967.50,2076.60,324,6.59,108
540212,TCIEXP,B,668.75,670.90,645.50,651.20,992,6.53,187
542867,CSBBANK,B,119.50,122.00,116.80,117.35,5497,6.52,408
509675,HIL,B,740.00,755.00,716.10,739.35,884,6.51,258
532525,MAHABANK,B,9.90,10.32,9.35,9.85,66284,6.40,957
532783,DAAWAT,B,21.45,22.60,21.15,22.30,29252,6.36,261
500179,HCL-INSYS,B,6.05,6.15,5.95,6.15,102509,6.28,182
500338,PRSMJOHNSN,A,36.05,37.25,35.20,36.40,17348,6.26,278
532630,GOKEX,B,33.35,34.55,30.85,31.25,19568,6.23,619
531431,SHAKTIPUMP,B,177.00,178.00,171.60,173.45,3568,6.19,132
500252,LAXMIMACH,A,2476.00,2494.60,2424.00,2474.70,248,6.10,156
532356,TRIVENI,B,37.80,39.00,36.50,37.65,16041,6.08,289
531146,MEDICAMEQ,X,279.95,279.95,267.05,277.35,2170,6.03,51
540710,CAPACITE,B,85.55,93.00,85.55,87.50,6963,6.03,51
513375,CARBORUNIV,A,221.00,226.15,219.60,224.50,2701,6.00,283
532834,CAMLINFINE,B,43.00,43.00,41.75,41.90,14117,5.97,224
533137,DEN,B,41.00,41.00,40.50,41.00,14512,5.95,60
505872,WPIL,X,353.50,353.50,342.00,343.00,1716,5.91,87
533248,GPPL,A,54.15,55.55,53.35,54.90,10770,5.89,303
504741,INDIANHUME,B,154.80,155.15,148.95,150.00,3891,5.86,384
532663,SASKEN,B,410.45,459.95,410.45,451.70,1332,5.85,291
530117,FAIRCHEM,B,480.55,496.00,479.00,482.35,1209,5.85,183
526596,LIBERTSHOE,B,101.35,105.00,100.65,102.30,5701,5.85,331
534690,LAKSHVILAS,A,15.17,15.17,15.09,15.17,38655,5.85,119
532654,MCLEODRUSS,B,3.65,3.65,3.65,3.65,159868,5.84,83
521248,KITEX,B,93.40,94.00,89.90,91.05,6290,5.80,229
539981,MAXINDIA,A,63.50,66.95,63.50,64.15,8840,5.76,496
531548,SOMANYCERA,B,115.00,123.60,110.65,113.75,4962,5.75,80
532548,CENTURYPLY,A,115.40,119.05,114.35,115.25,4859,5.68,317
509055,VISAKAIND,B,157.10,157.10,153.40,153.40,3686,5.66,72
501301,TATAINVEST,A,691.90,702.15,689.35,699.40,808,5.62,156
532710,SADBHAV,A,35.15,35.15,35.15,35.15,15996,5.62,23
535322,REPCOHOME,A,119.90,119.90,114.95,115.00,4866,5.62,205
540709,RELHOME,T,0.85,0.85,0.83,0.85,644770,5.48,202
542935,ICLORGANIC,M,18.20,18.20,18.20,18.20,30000,5.46,4
542484,ARVINDFASN,B,142.80,149.25,142.80,144.10,3605,5.27,177
532388,IOB,A,7.76,7.87,7.55,7.67,68347,5.26,192
541154,HAL,A,568.00,568.00,537.00,541.05,967,5.23,194
505714,GABRIEL,B,72.75,76.45,69.55,75.55,6924,5.20,202
532181,GMDCLTD,A,40.10,40.40,38.85,39.90,13043,5.17,328
526521,SANGHIIND,B,20.55,20.55,18.85,19.00,26209,5.11,308
541540,SOLARA,B,546.00,555.00,539.10,548.10,919,5.07,126
535754,ORIENTCEM,A,44.55,45.10,43.50,44.15,11451,5.04,439
532888,ASIANTILES,B,160.00,160.00,152.95,155.40,3234,5.02,272
500133,ESABINDIA,B,1161.90,1172.00,1118.00,1156.10,439,5.02,104
532890,TAKE,A,64.30,64.80,61.20,62.45,7939,5.00,159
539658,TEAMLEASE,A,1677.80,1677.80,1593.00,1616.70,308,5.00,127
540749,MASFIN,B,647.75,661.45,611.30,647.30,770,4.92,93
519602,KELLTONTEC,B,12.01,12.69,12.01,12.69,38333,4.86,61
501455,GREAVESCOT,A,83.30,83.75,80.65,83.20,5819,4.81,146
513228,PENIND*,B,17.20,17.55,17.00,17.51,27823,4.78,54
532670,RENUKA,B,5.10,5.40,4.97,5.23,93219,4.75,112
533104,GLOBUSSPR,B,98.85,98.85,90.10,93.25,5121,4.73,232
539302,POWERMECH,B,367.30,374.70,355.30,373.25,1289,4.71,344
539083,INOXWIND,A,27.25,30.00,27.25,27.60,16475,4.71,128
531082,ALANKIT,B,15.15,15.92,15.15,15.92,29812,4.70,159
542725,SBC,M,26.00,26.00,25.85,25.85,18000,4.67,3
532366,PNBGILTS,B,25.40,26.35,25.40,25.85,17802,4.62,134
532929,BRIGADE,B,123.95,126.90,123.10,123.75,3678,4.58,351
506642,SADHNANIQ,X,30.25,31.90,29.00,30.15,15154,4.57,204
513377,MMTC,A,14.70,14.70,13.97,14.25,32063,4.55,417
533169,MANINFRA,B,20.00,20.30,18.90,19.20,23573,4.53,349
532349,TCI,B,179.85,180.00,173.50,174.25,2584,4.53,232
532987,RBL,B,439.00,441.00,426.05,431.80,1043,4.51,104
516082,NRAGRINDQ,B,175.10,179.95,175.00,177.40,2525,4.43,33
523756,SREINFRA,A,3.88,3.88,3.76,3.83,114980,4.40,107
524663,BIBCL,B,11.51,11.51,11.51,11.51,38158,4.39,29
504973,CHOLAHLDNG,A,283.65,286.05,281.05,283.40,1544,4.39,225
539332,NAVKARCORP,B,20.55,21.45,19.75,20.10,21386,4.38,270
531209,NUCLEUS,B,213.40,224.10,213.40,219.85,2000,4.37,161
524558,NEULANDLAB,B,407.00,411.30,391.10,393.90,1091,4.37,127
523716,ASHIANA,B,45.45,46.80,43.80,45.70,9673,4.36,50
513269,MANINDS,B,41.10,41.25,39.40,40.15,10725,4.31,222
524324,SEYAIND,B,43.85,44.50,43.70,44.00,9767,4.29,150
532930,BGRENERGY,B,23.60,24.55,23.60,24.05,17701,4.28,214
532867,V2RETAIL,B,62.70,62.90,59.80,62.00,6919,4.27,113
539301,ARVSMART,B,66.00,66.00,62.00,64.90,6607,4.24,196
533088,MHRIL,A,136.20,136.20,131.00,134.20,3130,4.19,178
519600,CCL,A,190.60,190.60,183.35,188.70,2181,4.10,313
523385,NILKAMAL,A,1016.00,1060.00,1014.50,1052.10,397,4.10,95
511766,MUTHTFN,B,301.00,301.00,285.00,289.10,1377,4.00,60
532983,RPGLIFE,B,235.00,248.50,227.25,229.50,1675,3.97,132
502986,VTL,A,620.00,631.00,618.00,618.00,631,3.92,178
532762,ACE,B,46.45,47.50,43.80,46.00,8499,3.83,277
531508,EVEREADY,T,62.00,64.60,59.20,63.00,6275,3.82,66
532851,INSECTICID,B,388.00,402.55,378.00,390.10,990,3.81,119
532493,ASTRAMICRO,B,66.00,69.15,65.75,68.25,5555,3.77,338
539542,LUXIND,A,916.00,916.00,896.05,909.20,413,3.75,135
533287,ZEELEARN,B,11.79,11.89,11.55,11.83,31714,3.74,105
532705,JAGRAN,A,45.90,47.30,44.65,45.10,8135,3.73,433
540775,KHADIM,B,96.50,103.00,92.25,93.80,3891,3.66,132
501150,CENTRUM,A,12.30,13.00,12.21,12.97,28412,3.56,103
519183,ADFFOODS,B,200.70,209.00,197.10,207.90,1741,3.56,30
532553,WELENT,B,54.00,54.40,52.50,53.05,6613,3.53,122
526367,GANESHHOUC,B,22.25,25.70,21.90,25.55,13643,3.44,245
522249,MAYURUNIQ,B,153.35,159.80,149.00,155.00,2169,3.38,123
506076,GRINDWELL,A,509.65,509.65,491.55,497.25,672,3.34,139
500135,ESSELPRO,A,170.15,176.30,170.15,173.00,1916,3.32,208
532729,UTTAMSUGAR,B,65.85,66.75,64.55,64.55,5049,3.29,55
532285,GEOJITFSL,B,18.85,21.00,18.60,20.80,16079,3.28,169
520066,JAYBARMARU,B,148.70,152.00,144.30,148.45,2195,3.26,220
512529,SEQUENT,B,71.45,73.35,71.35,72.00,4525,3.26,65
540798,FSC,B,125.00,125.85,125.00,125.85,2569,3.22,19
517041,ADORWELD,B,246.10,262.40,243.00,244.00,1299,3.21,69
542011,GRSE,B,153.65,153.65,145.10,148.90,2146,3.19,279
533047,IMFA,B,126.10,130.00,123.40,129.25,2505,3.17,207
532649,NECLIFE,B,14.45,14.60,13.95,14.15,21667,3.09,128
500148,UFLEX,A,169.00,169.00,158.35,162.00,1900,3.08,198
540900,NEWGEN,B,115.00,118.15,115.00,115.00,2669,3.07,25
540975,ASTERDM,A,101.00,102.95,99.25,101.55,2930,2.95,66
532612,INDOCO,B,231.00,236.30,231.00,234.25,1244,2.91,116
513262,SSWL,B,409.15,413.95,405.00,407.80,707,2.89,108
513010,TATASTLLP,B,220.00,229.00,215.00,223.10,1305,2.87,106
500245,KIRLFER,B,53.00,56.60,53.00,55.20,5223,2.84,74
540425,SHANKARA,A,253.70,260.00,249.00,251.35,1111,2.82,86
526947,LAOPALA,B,160.00,164.90,158.30,163.70,1726,2.79,197
531349,PANACEABIO,B,137.00,153.00,119.00,129.40,2139,2.78,173
500404,SUNFLAG,B,28.00,28.00,26.50,26.90,10175,2.77,124
504067,ZENSARTECH,A,91.50,91.50,86.95,89.95,3117,2.77,1007
533080,MOLDTKPAC,B,179.00,179.00,176.10,178.00,1547,2.75,110
532661,RML,B,197.30,197.30,180.30,192.70,1471,2.75,128
532413,CEREBRAINT,T,26.50,27.90,26.50,27.65,9920,2.72,47
533552,RUPA,B,149.40,150.00,146.05,148.90,1831,2.71,148
542678,CHCL,M,22.65,22.70,22.05,22.70,12000,2.71,5
543172,COSPOWER,M,67.30,67.35,67.30,67.35,4000,2.69,2
509496,ITDCEM,A,39.00,41.00,39.00,39.85,6568,2.65,79
500268,MANALIPETC,B,16.15,16.59,15.40,15.89,16430,2.62,94
532163,SAREGAMA,B,264.00,288.00,246.65,267.50,975,2.59,115
524669,HESTERBIO,B,1012.30,1045.25,995.00,1015.95,257,2.59,59
526829,CONFIPET,B,20.00,20.00,19.10,19.93,13081,2.57,48
534076,ORIENTREF,B,146.00,151.80,141.65,149.05,1753,2.57,129
533207,JPINFRATEC,T,0.82,0.82,0.76,0.82,315842,2.56,120
500780,ZUARIGLOB,B,40.30,41.75,39.55,41.00,6351,2.55,126
532515,TVTODAY,B,205.50,208.50,200.70,207.50,1229,2.54,28
532498,SHRIRAMCIT,A,779.95,779.95,715.05,732.95,347,2.53,22
506618,PUNJABCHEM,B,376.00,440.00,375.00,426.30,604,2.53,60
530343,GENUSPOWER,B,16.50,16.70,16.05,16.34,15089,2.50,101
504212,UNIVCABLES,B,101.35,103.50,101.20,101.70,2443,2.48,260
500235,KSL,B,139.35,144.85,137.05,140.15,1758,2.45,54
540642,SALASAR,B,78.95,79.80,76.85,77.30,3131,2.45,122
500097,DALMIASUG,B,63.00,64.70,59.65,62.35,3969,2.44,89
532856,TIMETECHNO,A,34.60,37.35,34.55,35.50,6865,2.43,52
531717,VIDHIING,B,56.50,60.80,56.50,59.95,4106,2.43,143
532757,VOLTAMP,B,904.00,904.00,888.85,890.85,271,2.42,119
533151,DBCORP,A,78.60,78.60,77.60,77.75,3069,2.39,449
540544,PSPPROJECT,B,356.05,359.25,352.00,354.15,662,2.35,130
538836,MONTECARLO,B,158.10,158.65,152.85,156.75,1504,2.34,86
500250,LGBBROSLTD,B,190.20,191.60,185.30,186.55,1234,2.33,101
532924,KOLTEPATIL,B,162.00,169.00,156.05,164.15,1437,2.31,60
531761,APOLLOPIPES,B,278.35,290.40,278.35,288.35,813,2.29,103
533282,GRAVITA,B,35.10,36.50,33.75,35.80,6580,2.29,328
540595,TEJASNET,A,41.00,41.00,40.70,40.70,5545,2.26,29
532313,MAHLIFE,A,194.00,196.30,192.00,193.80,1145,2.22,38
533160,DBREALTY,B,3.72,3.96,3.61,3.96,58748,2.20,113
538666,SHARDACROP,B,133.50,142.80,129.80,142.80,1605,2.20,42
519260,SANWARIA,B,1.78,1.78,1.78,1.78,123600,2.20,74
520043,MUNJALSHOW,B,73.05,73.90,73.05,73.05,2979,2.18,123
531795,ATULAUTO,B,168.35,168.35,156.10,160.50,1341,2.18,166
524051,POLYPLEX*,B,398.95,409.25,397.10,400.55,544,2.17,72
540649,AVADHSUGAR,B,138.80,147.15,138.00,139.10,1542,2.17,48
500777,TNPETRO,B,30.40,30.80,29.50,30.25,7173,2.16,266
533326,TEXRAIL,B,26.65,26.65,25.25,26.20,8238,2.14,117
500280,CENTENKA,B,133.10,133.80,130.95,132.10,1609,2.13,146
533138,ASTEC,B,382.05,415.40,382.00,412.30,538,2.12,97
500249,KSB,B,504.05,506.00,496.45,505.60,420,2.11,72
502168,NCLIND,B,68.00,68.85,65.50,66.90,3156,2.11,81
522263,JMCPROJECT,B,40.55,40.55,40.45,40.45,5171,2.09,36
522064,HONDAPOWER,B,895.70,901.65,879.85,895.15,234,2.08,60
532891,PURVA,B,36.20,36.90,35.05,36.45,5576,2.02,127
532734,GPIL,B,116.45,117.90,113.05,117.50,1731,2.01,179
504614,SARDAEN,B,135.00,136.00,133.00,135.50,1486,2.01,111
542667,WORL,M,100.00,100.00,100.00,100.00,2000,2.00,1
502450,SESHAPAPER,B,137.00,137.00,129.00,130.30,1500,1.97,171
532508,JSL,B,28.65,28.80,28.15,28.55,6914,1.97,62
532796,LUMAXTECH,B,79.80,79.80,63.70,67.25,2992,1.97,75
532443,CERA,A,2200.45,2241.25,2180.20,2231.10,88,1.96,33
540673,SIS,A,398.00,407.00,390.00,397.75,486,1.96,46
500472,SKFINDIA,A,1469.35,1476.15,1455.55,1462.70,131,1.92,23
532679,SORILINFRA,B,53.75,53.75,53.75,53.75,3559,1.91,24
500460,MUKANDLTD,B,20.00,20.75,19.20,19.78,9415,1.90,61
505890,KENNAMET,B,749.35,764.00,724.80,757.75,254,1.89,84
533333,FCL,B,21.90,21.90,21.08,21.19,8777,1.87,107
532767,GAYAPROJ,B,10.77,10.77,10.77,10.77,17296,1.86,18
534742,ZUARI,B,84.85,86.00,78.00,85.35,2195,1.86,127
524394,VIMTALABS,B,84.00,84.00,70.00,75.10,2478,1.85,69
534369,TBZ,B,23.00,23.90,22.60,23.60,7746,1.82,197
542654,VRFILMS,M,90.00,90.00,90.00,90.00,2000,1.80,2
532369,RAMCOIND,B,134.35,134.35,131.00,131.40,1353,1.79,145
531120,PATELENG,B,12.40,13.00,12.40,12.96,13938,1.77,94
509557,GARFIBRES,B,1200.00,1249.00,1200.00,1218.85,143,1.75,36
532859,HGS,B,590.00,592.85,586.00,589.60,293,1.72,24
532934,PPAP,B,155.65,166.50,155.65,163.15,1060,1.72,76
526173,ANDREWYU,B,9.40,10.23,9.40,9.78,17376,1.70,85
500449,HOCL,T,10.60,11.00,10.30,10.95,15853,1.69,71
533107,RNAVAL,T,1.27,1.27,1.27,1.27,128915,1.64,90
500650,EXCELINDUS,B,580.00,596.05,575.00,576.35,281,1.64,25
522275,GET&D,A,89.50,91.75,87.25,90.25,1808,1.63,184
532974,BIRLAMONEY,B,23.45,24.80,23.45,24.45,6607,1.61,175
502157,MANGLMCEM,B,154.25,158.00,151.60,155.50,1036,1.60,53
540073,BLS,B,33.15,34.70,32.20,34.00,4745,1.59,129
542934,CBPL,M,37.00,38.00,37.00,37.50,4000,1.50,2
540824,ASTRON,B,31.40,31.40,28.65,28.95,5033,1.49,75
532636,IIFL,A,78.95,80.00,78.05,78.50,1866,1.48,50
500060,BIRLACABLE,B,42.60,43.00,40.60,41.45,3531,1.48,62
523204,ABAN,B,22.59,22.59,22.59,22.59,6387,1.44,28
533293,KIRLOSENG,B,109.50,115.20,108.60,110.50,1278,1.42,94
532513,TVSELECT,B,74.30,74.30,70.95,71.30,1946,1.40,167
530803,BHAGIL,B,92.85,96.00,92.80,94.75,1477,1.39,97
532638,SHOPERSTOP,A,194.95,195.00,187.35,190.90,717,1.37,154
505800,RANEHOLDIN,B,395.45,395.50,377.00,377.55,351,1.36,21
540879,APOLLO,B,59.95,60.90,58.70,60.45,2262,1.35,107
500241,KIRLOSBROS,B,98.75,98.75,96.05,97.85,1363,1.33,118
524330,JAYAGROGN,B,80.10,80.10,73.00,74.00,1792,1.33,29
534675,PROZONINTU,B,10.99,11.50,10.99,10.99,11856,1.31,24
538268,WONDERLA,B,130.25,130.50,126.50,129.85,1008,1.30,111
532927,ECLERX,A,440.00,444.75,430.00,437.85,286,1.26,33
500128,ELECTCAST,B,10.40,10.60,10.20,10.47,11891,1.24,49
542721,ARL,M,31.00,31.00,31.00,31.00,4000,1.24,1
570002,FELDVR,B,14.35,14.38,14.35,14.38,8528,1.23,20
505075,SETCO,B,9.74,9.75,9.20,9.32,12799,1.21,96
519156,VADILALIND,B,490.05,521.00,487.10,521.00,240,1.20,55
500840,EIHOTEL,A,76.95,76.95,74.75,75.35,1503,1.14,27
530135,OPTIEMUS,B,21.20,21.55,21.20,21.55,5272,1.14,336
505010,AUTOAXLES,B,466.90,504.35,461.90,491.85,231,1.11,28
539276,KAYA,B,172.50,177.80,166.10,169.75,648,1.09,28
532180,DHANBANK,B,10.40,10.45,10.00,10.27,10671,1.09,83
532864,NELCAST,B,42.35,43.95,41.15,43.25,2538,1.08,73
533482,KRIINFRA,B,1.86,1.86,1.78,1.86,57842,1.08,43
532915,RELIGARE,B,29.00,29.00,27.60,27.60,3847,1.06,23
532348,SUBEX,B,3.80,3.89,3.79,3.84,27499,1.05,67
532528,DATAMATICS,B,53.90,53.90,52.55,53.50,1950,1.04,20
532622,GDL,A,90.45,90.80,89.10,90.40,1161,1.04,201
521016,ICIL,B,27.90,28.70,27.60,28.25,3635,1.02,43
543171,ROJL,M,34.00,34.00,34.00,34.00,3000,1.02,1
533023,WABCOINDIA,A,6300.00,6300.00,6282.10,6290.80,16,1.01,8
532486,POKARNA,B,65.50,65.55,61.40,65.55,1583,1.01,45
540027,PTIL,T,333.40,334.80,333.40,334.80,300,1.00,2
541336,INDOSTAR,A,269.25,269.25,267.05,268.00,369,0.99,270
540366,RADIOCITY,B,15.86,15.86,13.20,13.60,7111,0.98,43
507514,SDBL,T,74.00,75.70,74.00,75.45,1287,0.97,16
539597,JSLHISAR,A,45.00,45.00,43.70,44.80,2162,0.96,44
538567,GULFOILLUB,A,560.00,560.00,541.05,556.95,170,0.94,59
500102,BALLARPUR,B,0.40,0.40,0.38,0.40,232530,0.93,43
531978,AMBIKCO,B,621.00,673.45,605.00,661.35,147,0.93,13
541700,TCNSBRANDS,A,422.40,424.95,403.25,410.75,226,0.93,90
526608,ELECTHERM,B,89.60,90.60,85.50,87.15,1040,0.92,55
539404,SATIN,B,66.50,67.60,63.75,65.05,1415,0.92,32
533218,EMAMIREAL,B,34.60,34.60,31.05,31.05,2887,0.92,59
500279,MIRCELECTR,B,5.16,5.30,5.10,5.23,16593,0.87,210
526650,TFCILTD,B,34.75,35.30,33.85,35.30,2504,0.87,43
513023,NBVENTURES,A,38.55,39.00,37.00,38.75,2102,0.81,46
532785,RUCHIRA,B,42.60,43.40,39.70,40.90,1960,0.81,24
532684,EKC,B,16.65,16.90,16.20,16.54,4804,0.80,33
514043,HIMATSEIDE,A,57.90,58.60,56.10,58.05,1384,0.80,78
526235,MERCATOR,T,0.59,0.59,0.57,0.57,139452,0.80,53
506579,ORIENTCQ,B,607.00,618.85,607.00,612.80,130,0.80,19
519552,HERITGFOOD,A,287.20,292.75,281.65,289.80,270,0.78,97
532725,SOLARINDS,A,860.15,893.50,856.30,890.30,88,0.77,53
532156,VAIBHAVGBL,B,895.95,930.00,860.00,915.60,86,0.77,19
532741,KAMDHENU,B,55.05,55.05,53.00,53.65,1439,0.77,33
534425,SPECIALITY,B,30.85,30.85,28.20,28.60,2657,0.77,47
539150,PNCINFRA,A,123.50,123.50,123.50,123.50,619,0.76,26
524500,KILITCH,B,101.15,101.70,100.10,101.45,731,0.74,40
520111,RATNAMANI,B,871.05,890.00,871.05,889.30,83,0.73,23
532527,RKFORGE*,B,188.00,197.00,187.85,193.85,389,0.73,23
517271,HBLPOWER,B,13.00,13.32,12.78,13.05,5286,0.69,90
533292,A2ZINFRA,B,4.74,4.74,4.35,4.45,15356,0.69,39
532698,NITINSPIN,B,32.00,32.30,31.65,32.15,2133,0.68,149
532699,ROHLTD,B,41.80,47.65,41.80,45.45,1522,0.68,90
503960,BBL,B,658.05,671.20,658.05,664.70,101,0.67,39
539289,MJCO,B,260.10,260.10,259.65,259.65,255,0.66,8
532722,NITCO,B,18.35,18.60,17.86,17.86,3618,0.66,22
542665,NEOGEN,T,396.45,402.00,385.00,400.65,167,0.66,13
530377,NILA,B,3.25,3.74,3.08,3.10,19172,0.64,50
537291,NATHBIOGEN,B,208.55,219.00,208.05,218.40,298,0.63,23
509567,GOACARBON,B,220.30,220.30,220.30,220.30,288,0.63,16
530073,SANGHVIMOV,B,65.15,65.15,59.30,61.90,986,0.61,27
530075,SELAN,B,82.20,82.20,82.20,82.20,734,0.60,14
501831,COASTCORP,X,190.00,199.95,190.00,193.25,298,0.58,53
532259,APARINDS,B,300.25,302.60,290.05,294.75,192,0.57,81
532642,JSWHL,B,1600.00,1632.80,1600.00,1620.80,35,0.57,29
502330,ANDHRAPAP,B,185.00,185.00,182.70,182.70,304,0.56,8
542141,TECHNOE,B,228.70,228.70,207.35,212.00,254,0.56,10
500407,SWARAJENG,B,943.85,1003.45,943.50,990.90,56,0.55,23
533655,TRITURBINE,A,64.15,69.25,64.15,67.40,814,0.54,43
532646,UNIPLY,B,7.52,7.52,7.52,7.52,7066,0.53,16
538562,SKIPPER,B,26.10,27.30,26.00,26.05,1994,0.53,13
503031,PENINLAND,B,3.65,3.65,3.36,3.36,15765,0.53,13
532944,ONMOBILE,B,24.50,24.70,24.30,24.70,2095,0.52,14
539940,MAXVIL,B,29.00,29.00,29.00,29.00,1800,0.52,3
512531,STCINDIA,B,38.40,39.20,38.40,38.80,1311,0.51,58
532395,AXISCADES,B,40.00,40.75,39.95,40.15,1142,0.46,94
532768,FIEMIND,B,293.55,295.25,280.00,292.00,158,0.45,32
542771,NOVATEOR,M,7.43,7.43,7.43,7.43,6000,0.45,1
533303,BFINVEST,B,230.60,244.00,230.60,239.75,183,0.44,59
509079,GUFICBIO,B,62.00,63.30,61.85,62.05,710,0.44,43
542460,ANUP,B,299.00,299.00,288.00,289.85,153,0.44,55
517206,LUMAXIND,B,1057.00,1059.45,1051.00,1059.45,41,0.43,10
523025,SAFARIND,B,376.75,404.50,376.75,395.00,100,0.39,20
531266,VSTTILLERS,B,829.95,840.10,805.00,838.90,47,0.38,7
500350,RSWM,B,74.35,74.35,70.80,72.25,517,0.37,42
542683,SUICH,MT,10.87,11.39,10.87,11.39,3200,0.36,2
500117,DCW,B,9.70,10.00,9.70,10.00,3571,0.35,14
533121,EXPLEOSOL,B,165.00,165.00,160.00,160.00,215,0.35,24
532713,SAKUMA,B,5.50,5.50,5.02,5.16,6874,0.35,32
500210,INGERRAND,B,634.00,635.20,631.85,633.45,52,0.33,20
505141,SCOOTER,T,25.10,25.10,25.10,25.10,1232,0.31,8
570004,JISLDVREQS,B,5.68,5.68,5.68,5.68,5381,0.31,11
503811,SIYSIL,B,132.10,133.10,130.80,131.60,221,0.29,38
530759,STERTOOLS,B,139.85,141.10,138.20,141.10,208,0.29,65
533400,FCONSUMER,A,8.42,8.42,8.42,8.42,3285,0.28,15
533156,VASCONEQ,B,8.35,8.45,8.25,8.32,3058,0.26,15
505526,DOLAT,B,37.70,39.90,37.70,39.40,620,0.24,23
540653,SINTEXPLAST,T,1.11,1.11,1.11,1.11,19454,0.22,26
539351,PRABHAT,B,68.85,68.85,67.65,68.05,311,0.21,9
532660,VIVIMEDLAB,B,14.01,14.01,14.01,14.01,1346,0.19,11
515055,ANANTRAJ,B,17.95,18.35,17.95,18.00,996,0.18,12
534758,CIGNITI,B,254.00,254.00,241.00,242.20,71,0.18,40
500193,HLVLTD,B,3.84,3.95,3.70,3.81,4383,0.17,22
524820,PANAMAPET,B,37.50,39.50,37.50,38.85,440,0.17,6
531543,JINDWORLD,B,29.50,29.50,26.90,27.70,533,0.15,45
532776,SHIVAMAUTO,B,11.01,11.83,11.01,11.83,1312,0.15,35
532775,GTLINFRA,T,0.29,0.29,0.29,0.29,47908,0.14,10
532370,RAMCOSYS,B,81.00,81.70,80.90,81.15,156,0.13,6
539126,MEP,B,14.62,14.62,14.62,14.62,800,0.12,2
542399,CHALET,B,168.00,174.00,167.85,169.60,69,0.12,13
533262,RAMKY,B,28.60,28.90,27.85,28.90,383,0.11,11
533470,RUSHIL,B,113.25,113.25,113.25,113.25,101,0.11,3
532804,TIIL,B,220.65,220.65,220.65,220.65,50,0.11,1
538598,VISHAL,T,210.00,210.00,210.00,210.00,50,0.11,1
517562,TRIGYN,B,28.40,29.00,27.35,28.00,383,0.11,39
532719,BLKASHYAP,T,5.56,5.56,5.15,5.15,2005,0.10,6
522241,MMFL,B,185.00,187.95,185.00,187.95,46,0.09,2
540497,SCHAND,B,45.25,45.25,45.25,45.25,186,0.08,4
506074,ARSHIYA,B,9.96,10.10,9.96,10.10,570,0.06,9
533553,TDPOWERSYS,B,90.75,90.75,89.85,90.65,54,0.05,14
505744,FMGOETZE,B,357.00,360.00,357.00,360.00,13,0.05,4
538685,SHEMAROO,B,74.25,74.25,74.25,74.25,56,0.04,2
533284,RPPINFRA,B,48.00,48.00,43.25,47.00,54,0.03,3
522029,WINDMACHIN,T,11.49,11.92,11.49,11.50,152,0.02,3
524013,HINFLUR,B,3.67,3.67,3.67,3.67,149,0.01,2
511726,VIPUL,B,17.60,17.60,17.60,17.60,19,0.00,2
534312,MTEDUCARE,B,8.94,8.94,8.94,8.94,1,0.00,1
540680,KIOCL,B,78.75,78.75,78.75,78.75,6,0.00,1
